name,cpf
Travis Patterson,966.458.227-14
Henry Bishop,808.321.683-62
Aiden Tran,725.818.762-63
Jeremy Summers,656.728.597-47
Joel Mann,909.149.010-10
Estelle Joseph,847.987.623-93
Harry Warner,954.857.027-08
Ian Moss,762.963.960-07
Ola Carson,790.131.773-60
Angel Roy,831.398.804-56
Tyler Owen,953.331.270-00
Howard Rodriguez,979.209.034-75
Bertha George,332.909.238-60
Lloyd Banks,501.888.684-61
Jesse Lloyd,314.955.912-04
Iva Carr,992.990.495-64
Augusta Adkins,360.919.067-12
Christian Baker,599.360.860-90
Corey Carroll,883.807.659-66
Daniel Spencer,178.693.425-64
Tommy Webster,017.948.678-05
Louis Greene,749.788.684-32
Maude Williams,134.537.549-21
Minerva Lee,611.414.919-07
Ricardo Fuller,526.347.583-75
Devin Chambers,848.615.715-37
Scott Alvarez,287.749.284-22
Sue Tate,976.932.028-54
Melvin Collins,318.039.670-99
Alfred Guerrero,543.221.825-93
Travis Patterson,966.458.227-14
Henry Bishop,808.321.683-62
Aiden Tran,725.818.762-63
Jeremy Summers,656.728.597-47
Joel Mann,909.149.010-10
Estelle Joseph,847.987.623-93
Harry Warner,954.857.027-08
Ian Moss,762.963.960-07
Ola Carson,790.131.773-60
Angel Roy,831.398.804-56
Tyler Owen,953.331.270-00
Howard Rodriguez,979.209.034-75
Bertha George,332.909.238-60
Lloyd Banks,501.888.684-61
Jesse Lloyd,314.955.912-04
Iva Carr,992.990.495-64
Augusta Adkins,360.919.067-12
Christian Baker,599.360.860-90
Corey Carroll,883.807.659-66
Daniel Spencer,178.693.425-64
Tommy Webster,017.948.678-05
Louis Greene,749.788.684-32
Maude Williams,134.537.549-21
Minerva Lee,611.414.919-07
Ricardo Fuller,526.347.583-75
Devin Chambers,848.615.715-37
Scott Alvarez,287.749.284-22
Sue Tate,976.932.028-54
Melvin Collins,318.039.670-99
Alfred Guerrero,543.221.825-93